,Symbol,Weight,Ticker
0,SSIXX US Equity,0.6523481781569777,SSIXX
1,JK709468     Corp,0.5393353846566264,SFRFP
2,AW959806     Corp,0.4577274546000083,TDG
3,BH495992     Corp,0.4451771269007192,CCL
4,BH786416     Corp,0.3772134364694255,CNC
5,BK127682     Corp,0.3471497985029027,CZR
6,AM195794     Corp,0.3035309761933431,CHTR
7,ZR665583     Corp,0.2950262283111052,CHTR
8,JK836453     Corp,0.2941665415444275,ALTICE
9,ZO514587     Corp,0.2837045013528169,BCULC
10,BK188757     Corp,0.2811121738092843,AAL
11,BK404815     Corp,0.281387393847155,CHTR
12,AZ988250     Corp,0.27982133163835804,OXY
13,BG019660     Corp,0.267501838870784,HCA
14,BJ477493     Corp,0.2661883457690409,RCL
15,AM774219     Corp,0.2657590330352687,CYH
16,BJ532475     Corp,0.2547724260821873,TDG
17,ZO269471     Corp,0.2534205077490566,THC
18,BG562373     Corp,0.2525561558138139,CHTR
19,AO635535     Corp,0.2484201156922974,CHTR
20,ZP852875     Corp,0.2478087501847003,CHTR
21,BH752726     Corp,0.2455923626101921,CNC
22,AR022368     Corp,0.2443594668577242,WDC
23,AX916964     Corp,0.2380393235776234,VOD
24,AZ589550     Corp,0.23643500173192103,DSPORT
25,AZ434652     Corp,0.235770176926215,CSCHLD
26,ZP913720     Corp,0.234312977863687,UNIT
27,BJ819175     Corp,0.2318590437592729,CSCHLD
28,ZO621475     Corp,0.2313567442732807,CNC
29,BH962214     Corp,0.2311996984356088,F
30,QZ429974     Corp,0.2301937077789936,DISH
31,AS350093     Corp,0.2247319982592882,NFLX
32,ZR607317     Corp,0.2233935113982457,ISATLN
33,AX449666     Corp,0.2212369160461923,CYH
34,AX687628     Corp,0.2166115584515127,ENDP
35,JK529756     Corp,0.21476118690771803,NWL
36,ZR080292     Corp,0.2139912623133102,THC
37,AX565544     Corp,0.2121966526424266,POWSOL
38,ZS003150     Corp,0.2120861785454708,SPLS
39,BH962211     Corp,0.2116098259712966,F
40,AX686754     Corp,0.2102387660087531,SSNC
41,AS706899     Corp,0.20468128872475602,BHCCN
42,BH751468     Corp,0.2018771283167594,CNC
43,AZ257197     Corp,0.2000962979386882,UNSEAM
44,AW913901     Corp,0.2005275786033917,CSCHLD
45,LW952924     Corp,0.1985190906025784,KHC
46,ZO479562     Corp,0.19869497588584603,LNG
47,JK025356     Corp,0.1983007464441661,SLH
48,BK128425     Corp,0.1973554989128177,CZR
49,BH715257     Corp,0.1946603009595713,CCO
50,AZ988249     Corp,0.1933747525091911,OXY
51,AT619863     Corp,0.191626106435096,SFRFP
52,AS589794     Corp,0.1858168891413088,CNC
53,QZ580241     Corp,0.1850980647061537,ZIGGO
54,AS583912     Corp,0.1842147075701398,OMF
55,AN861543     Corp,0.1837504471694502,THC
56,AZ159791     Corp,0.1833289400340957,NXST
57,AO658240     Corp,0.1795856909882144,TSLA
58,BK876361     Corp,0.1786568171435775,VERITS
59,AQ293323     Corp,0.1782689742978176,BHCCN
60,BJ718598     Corp,0.1777372161078567,DVA
61,BG387298     Corp,0.1775184171873054,SFRFP
62,AR413561     Corp,0.1758601644889015,S
63,AO563305     Corp,0.1750058875437047,URI
64,AR722078     Corp,0.1758785949699588,BHCCN
65,AP697039     Corp,0.1746427059827334,NFLX
66,QZ008547     Corp,0.1738645481849426,POST
67,AX456559     Corp,0.1726664760441371,BBDBCN
68,AT991267     Corp,0.17362838570673403,HCA
69,LW952920     Corp,0.1693611872028295,KHC
70,BK298754     Corp,0.1688159628310202,THYELE
71,AS270081     Corp,0.1671533154109346,HBGCN
72,AU388760     Corp,0.1666341358131845,FINRSK
73,BG016849     Corp,0.1666760348327488,POST
74,AP293789     Corp,0.1663194913527671,CGPHLC
75,JV588686     Corp,0.16630021996348598,ISPIM
76,BK202488     Corp,0.1646699991729261,UCGIM
77,BJ878364     Corp,0.1646317565695142,UVN
78,BJ423011     Corp,0.1617776507445726,BHCCN
79,AZ826935     Corp,0.1627376972482928,GALCLD
80,AT206936     Corp,0.1613935755147531,CYH
81,AO026264     Corp,0.1615056412791954,FE
82,LW349780     Corp,0.1610163803700864,DELL
83,QZ492844     Corp,0.1602058831992509,HNDLIN
84,BM389490     Corp,0.1604199820807833,CLR
85,AW856038     Corp,0.1599836396563631,THC
86,BK912979     Corp,0.1601877025159834,OXY
87,AX974844     Corp,0.1592008773517413,JBSSBZ
88,ZR080294     Corp,0.1589918932587262,THC
89,AO119744     Corp,0.158796037489822,SIRI
90,AQ889852     Corp,0.1584831391231865,TMUS
91,AV134121     Corp,0.1584271879535264,UBER
92,BJ716179     Corp,0.1572972693914938,WCC
93,BJ065935     Corp,0.1564732127563286,ARMK
94,ZS539065     Corp,0.1563569536993004,VMED
95,AT869341     Corp,0.1564873854264259,BMC
96,BM448077     Corp,0.1560047049093992,SOCGEN
97,AZ209803     Corp,0.1559372071201279,SIRI
98,ZP106074     Corp,0.1562532472825094,WFTLF
99,BJ928949     Corp,0.1554828714612159,SIRI
100,BM658618     Corp,0.1552914112978067,CCL
101,AW981944     Corp,0.1552220758195524,COMM
102,AQ377184     Corp,0.1550354187799367,MAT
103,BK415480     Corp,0.1532695704039463,AVTR
104,AV130799     Corp,0.1530644595827396,CSCHLD
105,AV483084     Corp,0.1526211627524991,RGCARE
106,ZP661868     Corp,0.1528106176237765,CYH
107,BK731780     Corp,0.152119781468225,NFP
108,ZP459145     Corp,0.1520461923570375,HNDLIN
109,BJ799510     Corp,0.1521691491122828,CQP
110,AM800334     Corp,0.1521681637407505,BHCCN
111,BK840738     Corp,0.1515879389946098,DVA
112,ZS276820     Corp,0.1520826141442666,HLT
113,ZP610050     Corp,0.1518496309836978,SBAC
114,AX873186     Corp,0.1518721325500594,UCGIM
115,ZS572814     Corp,0.1492586719849557,CHTR
116,AT404736     Corp,0.1497020686861042,CQP
117,ZS463498     Corp,0.1489442745905415,IHRT
118,BJ264115     Corp,0.1483259126558169,KHC
119,BJ264117     Corp,0.1478206454049609,KHC
120,AM927664     Corp,0.1474288634834716,BWY
121,BJ716187     Corp,0.1472419613865195,WCC
122,AX735739     Corp,0.1470694157124937,PRSESE
123,BM662225     Corp,0.1468206306924472,FTR
124,AP063983     Corp,0.1464251452716583,MPW
125,BG081037     Corp,0.1461237077143928,ZAYO
126,BK841789     Corp,0.1438223831063951,WIN
127,ZP162987     Corp,0.1427713598298297,CPN
128,AN861566     Corp,0.1419971819238754,THC
129,QZ513404     Corp,0.1409979861045986,CSCHLD
130,AZ024645     Corp,0.1412228126321586,SIRI
131,AR675924     Corp,0.1403080320751114,OMF
132,ZO423912     Corp,0.1402094264665175,VMDTEF
133,ZQ526007     Corp,0.1399523298247403,ACI
134,BJ717014     Corp,0.1399563360702838,M
135,ZR742639     Corp,0.13958589816071498,IEP
136,BJ985200     Corp,0.1383004277269492,DAL
137,AM405999     Corp,0.1381352897746427,POST
138,ZP543483     Corp,0.1377540443544587,PRSESE
139,BJ065584     Corp,0.1361653344287116,HWM
140,AX333929     Corp,0.1357926852985018,OMF
141,AP388851     Corp,0.1356350986474098,BHCCN
142,AO721206     Corp,0.135144126675666,CWCLN
143,AW856649     Corp,0.1349758779414273,VST
144,AM927894     Corp,0.1346224300578577,BWY
145,AZ054843     Corp,0.1340959992536969,VST
146,BK128990     Corp,0.1335346286565921,IRM
147,QZ510792     Corp,0.1327591094433676,NUGGET
148,ZQ966024     Corp,0.1328367599982593,LUMN
149,ZQ667260     Corp,0.1323005264989091,VICI
150,BJ481203     Corp,0.1315443690649669,LYV
151,AZ988252     Corp,0.1302925164804218,OXY
152,AP534730     Corp,0.1294582169306751,BECN
153,ZQ060258     Corp,0.1288103709024349,LILAPR
154,AN253133     Corp,0.1278225807747141,TEACLL
155,BJ090202     Corp,0.1284749762723179,GPS
156,ZR598921     Corp,0.1276291644913338,UBER
157,BJ984398     Corp,0.1271938686626067,LVLT
158,ZQ456779     Corp,0.1272146465519067,ARDFIN
159,AM993360     Corp,0.1273907996306177,NRG
160,LW223766     Corp,0.1270786742792719,CPN
161,AU388762     Corp,0.12672687800180302,FINRSK
162,BM122465     Corp,0.1267580083181926,MLTPLN
163,AW999019     Corp,0.126295024947439,MDP
164,AM342846     Corp,0.1261350078096499,EM
165,ZO419254     Corp,0.1260391563241305,QUICKN
166,BK876343     Corp,0.1259867138131009,BLL
167,ZQ988012     Corp,0.1260932532533941,CPN
168,AT200240     Corp,0.1253188276386633,CYH
169,ZP111307     Corp,0.1250719706976009,BHCCN
170,AP338435     Corp,0.1251407374017948,EQT
171,ZP547803     Corp,0.1246636372822245,LUMN
172,ZR895639     Corp,0.1249588797096791,ALIANT
173,BK256707     Corp,0.1244063241865246,OXY
174,AP387177     Corp,0.1240194789249905,SGMS
175,ZP519345     Corp,0.1237427970598482,EQT
176,AZ304879     Corp,0.1240478190426518,HRI
177,ZR018021     Corp,0.1239754437285728,CCO
178,ZP547355     Corp,0.1231650467500319,MEGCN
179,ZP111305     Corp,0.1227615112359155,BHCCN
180,ZS717600     Corp,0.12281282399245098,BERY
181,ZR543833     Corp,0.1228054290458518,TGNA
182,AZ855656     Corp,0.1226362131787743,SEM
183,AZ770815     Corp,0.12217280180132199,JBSSBZ
184,ZP376904     Corp,0.1217884783806461,ALTICE
185,ZO693237     Corp,0.121925282803718,FTR
186,AW981942     Corp,0.1219149803522558,COMM
187,AS940638     Corp,0.1216486549315364,KHC
188,BJ657666     Corp,0.1216106005000202,X
189,ZP638621     Corp,0.1207376875469903,SFRFP
190,BJ097846     Corp,0.1208203861223185,XPO
191,BH538705     Corp,0.1204512767448996,TDG
192,BH798316     Corp,0.1202414253899537,SPR
193,AW777764     Corp,0.1198530363475469,HCA
194,AV137092     Corp,0.1187128919847729,CSCHLD
195,JK552270     Corp,0.1183139359093272,LUMN
196,AZ421062     Corp,0.1181689895566868,CQP
197,AT936853     Corp,0.1175526933347881,VCVHHO
198,ZP405280     Corp,0.1179791257208709,WES
199,AM376508     Corp,0.1175162736365723,MGMGPO
200,ZO392848     Corp,0.1172950373195105,AVYA
201,AQ232284     Corp,0.116713947721839,TNETBB
202,BK104300     Corp,0.1163313982752387,BMCAUS
203,AQ709524     Corp,0.1165532081068143,CSCHLD
204,LW952929     Corp,0.1156973695437847,KHC
205,ZQ926671     Corp,0.1159079343771396,TERMED
206,AN710141     Corp,0.1156429057516365,PETM
207,AT226664     Corp,0.1154503221811199,EQM
208,ZO514524     Corp,0.1148827054340704,LB
209,JK735139     Corp,0.1147334946016966,CHTR
210,BJ717595     Corp,0.1145553329366404,MCHP
211,BM207200     Corp,0.1139702334778254,ASTONM
212,ZQ225580     Corp,0.1138252094299573,NFLX
213,AX540871     Corp,0.1134870671044993,SGMS
214,AZ855584     Corp,0.1140257510968668,ARGID
215,AQ729493     Corp,0.1132800776978558,ARMK
216,BJ765166     Corp,0.1133502597086007,DHC
217,ZO037338     Corp,0.1131159280095617,NFE
218,AW981943     Corp,0.11296938870388801,COMM
219,BJ816239     Corp,0.1128142415383199,
220,ZR604385     Corp,0.11265285328464698,
221,AZ257199     Corp,0.1126428537401219,
222,ZR576372     Corp,0.1123331447344596,
223,BG089773     Corp,0.1117688918613455,
224,BM585214     Corp,0.1118722109268517,
225,BK877306     Corp,0.1116083153500561,
226,AN400460     Corp,0.1117052507924691,
227,ZO253424     Corp,0.1114588400164523,
228,BK084995     Corp,0.11153014896955801,
229,AM379527     Corp,0.1113616056040889,
230,AQ382234     Corp,0.1122910605158264,
231,AT297457     Corp,0.1107156639525659,
232,BM664362     Corp,0.1104169753761882,
233,BJ877641     Corp,0.1106638950679981,
234,BM627973     Corp,0.1102933315765877,
235,AZ678366     Corp,0.1108178971328585,
236,BH845045     Corp,0.1102116526004723,
237,BJ477487     Corp,0.10983366845152902,
238,BK079386     Corp,0.1097151346999924,
239,BK692651     Corp,0.1096163737812899,
240,ZR639737     Corp,0.1093713357280902,
241,AP400874     Corp,0.1092125486174366,
242,BJ729448     Corp,0.109579517961362,
243,ZO928083     Corp,0.1091677731068229,
244,AN941060     Corp,0.1095045138650101,
245,BK746243     Corp,0.1084197210447155,
246,LW161154     Corp,0.1084938504872431,
247,ZQ635622     Corp,0.1102890503847474,
248,BM662229     Corp,0.10815274674430801,
249,ZR924158     Corp,0.108350638738811,
250,AT333273     Corp,0.1076442667515985,
251,LW257435     Corp,0.1074868600770421,
252,BM625636     Corp,0.1072249718813916,
253,AZ589558     Corp,0.1078628248731867,
254,QZ981474     Corp,0.1068301653899445,
255,BJ369767     Corp,0.106686972362286,
256,AP048743     Corp,0.1067681858098089,
257,ZP681006     Corp,0.1067618159259959,
258,ZO393318     Corp,0.1064244545701476,
259,BM627976     Corp,0.1062877360376635,
260,BK129430     Corp,0.1062200434880697,
261,AN820976     Corp,0.1062284779598553,
262,ZQ667263     Corp,0.1055503141610757,
263,QZ981658     Corp,0.1060927804728239,
264,JK596825     Corp,0.1060734171669549,
265,AT990138     Corp,0.1056885034393116,
266,ZS521500     Corp,0.1058328287925576,
267,BH786158     Corp,0.1056884140134705,
268,AM730963     Corp,0.1058607532769071,
269,AN774136     Corp,0.1055284569749889,
270,BK079385     Corp,0.1058347453819683,
271,BM587846     Corp,0.1053398087842549,
272,AQ292375     Corp,0.1050929376218323,
273,ZQ443851     Corp,0.1049906486809523,
274,ZR630930     Corp,0.1050893995563214,
275,AV119758     Corp,0.1045756488222125,
276,BG089824     Corp,0.1045948769849865,
277,BK862250     Corp,0.1044955513095569,
278,AP068449     Corp,0.1045987854486354,
279,BG078519     Corp,0.1044190136363591,
280,BJ090231     Corp,0.1045510101951842,
281,BH331711     Corp,0.1044551616021448,
282,AN534799     Corp,0.1039809726030377,
283,ZO500537     Corp,0.1036655019378367,
284,ZO394138     Corp,0.1034287648202609,
285,AM730856     Corp,0.1032089529692703,
286,ZR631760     Corp,0.1035860092748953,
287,ZR961974     Corp,0.1031318565653456,
288,AR383959     Corp,0.1033463737316299,
289,AX565534     Corp,0.1029371321578689,
290,AT957644     Corp,0.1027642544110655,
291,ZO418868     Corp,0.1022841779295381,
292,ZO418905     Corp,0.1035631279098356,
293,AM216443     Corp,0.1028338921534836,
294,BK892428     Corp,0.1025843221464939,
295,ZP614164     Corp,0.1027203592588896,
296,BK103891     Corp,0.1026910420454027,
297,AQ889787     Corp,0.1027208063880952,
298,AL293465     Corp,0.102783870969631,
299,ZP609628     Corp,0.1021702145374987,
300,AN915563     Corp,0.1019577900001738,
301,BK012595     Corp,0.1013242901104865,
302,JK977952     Corp,0.1020130264058784,
303,BJ573345     Corp,0.10169795064454902,
304,ZP329565     Corp,0.10146417912247699,
305,BK971935     Corp,0.1018349631654901,
306,BK084955     Corp,0.1016346390773567,
307,BI002114     Corp,0.1015604625516818,
308,AR060574     Corp,0.101618494137608,
309,AQ219162     Corp,0.1011020044659449,
310,ZQ965885     Corp,0.1012948375932113,
311,AV566240     Corp,0.1009046609981421,
312,AM294227     Corp,0.1008424434311769,
313,BK880741     Corp,0.1005022431865198,
314,ZO478950     Corp,0.1001156936810693,
315,ZQ606668     Corp,0.09964742133022288,
316,ZS293068     Corp,0.09958004494476644,
317,BK892581     Corp,0.09991874567956477,
318,ZP405279     Corp,0.09963763510610044,
319,BK623735     Corp,0.09942974123701896,
320,ZS571082     Corp,0.09955537249179104,
321,BK100088     Corp,0.09969119668551736,
322,ZP519351     Corp,0.1002868569906779,
323,BJ477321     Corp,0.0996309779026038,
324,AV726451     Corp,0.09954106773177204,
325,AX312079     Corp,0.09947011551787084,
326,ZS003151     Corp,0.09894528473725,
327,JK574834     Corp,0.09923429909275994,
328,BM349476     Corp,0.09926734728410684,
329,AM383880     Corp,0.09897752849776016,
330,QZ562864     Corp,0.09924008614184568,
331,ZS193512     Corp,0.0989381624872409,
332,AQ222901     Corp,0.09898322941521816,
333,LW368560     Corp,0.0991398677345916,
334,AP841309     Corp,0.09878938858004586,
335,AN628761     Corp,0.09890643133847048,
336,BJ808779     Corp,0.09853861473893448,
337,ZR465157     Corp,0.0985888617772699,
338,AW767347     Corp,0.09854858825113927,
339,AQ230636     Corp,0.09825894727196816,
340,ZR580911     Corp,0.09844702355512168,
341,AS104578     Corp,0.09814598548148794,
342,BH786066     Corp,0.09846980778106013,
343,BK841777     Corp,0.09772045394224303,
344,LW006598     Corp,0.09752963060652182,
345,AM806385     Corp,0.09748931521977734,
346,AU059055     Corp,0.09708593172155623,
347,QZ532088     Corp,0.09691018937501042,
348,BK131082     Corp,0.0968919048035016,
349,BK912976     Corp,0.09618783233791782,
350,BM709861     Corp,0.0961492610362885,
351,AO120063     Corp,0.09601015154766772,
352,BM350346     Corp,0.09593192611236886,
353,ZO479962     Corp,0.0951638502144375,
354,ZS232180     Corp,0.09540965919391343,
355,AN467471     Corp,0.09509375915612042,
356,AS319422     Corp,0.09534002153184204,
357,AQ110101     Corp,0.09466146523959088,
358,BK766503     Corp,0.09438412943292043,
359,ZQ446615     Corp,0.0948164898764908,
360,AZ699099     Corp,0.0944326334306474,
361,JK872872     Corp,0.09443401442917132,
362,LW233987     Corp,0.09436425737195177,
363,AM750618     Corp,0.09418189180854973,
364,AP954927     Corp,0.09394811152869098,
365,AN720160     Corp,0.0936662936635111,
366,BH722385     Corp,0.09359437536127782,
367,AZ910363     Corp,0.09293665625416743,
368,ZQ224342     Corp,0.09338677732862667,
369,ZO245744     Corp,0.09310866111477313,
370,ZR938177     Corp,0.09260630273467353,
371,AT227276     Corp,0.09228509298734737,
372,BM121974     Corp,0.09223756841549936,
373,ZS535537     Corp,0.091640269841785,
374,LW006234     Corp,0.0916898773206458,
375,BM451224     Corp,0.0919331479881966,
376,AV183514     Corp,0.09173063373024913,
377,AL018402     Corp,0.09171895301204963,
378,ZP365714     Corp,0.0911227079438418,
379,BK113172     Corp,0.0912817623678588,
380,BK518133     Corp,0.0911316677221406,
381,ZP852519     Corp,0.09107257580124116,
382,AQ312627     Corp,0.09136201470854306,
383,ZS569563     Corp,0.0907533528663132,
384,AU801924     Corp,0.0906844856484381,
385,BK767117     Corp,0.0901128543801383,
386,AL580112     Corp,0.09060532819179422,
387,AW316522     Corp,0.09058171213680537,
388,JK504173     Corp,0.09031220780017957,
389,AQ389129     Corp,0.09036984616951416,
390,AV132082     Corp,0.090231475147116,
391,ZS780243     Corp,0.08985372569078902,
392,ZP328762     Corp,0.09039918403209464,
393,QZ083475     Corp,0.09035652292438744,
394,LW078953     Corp,0.09019540407309128,
395,BM349505     Corp,0.08938532349972764,
396,AP302778     Corp,0.0892333735691062,
397,BK893559     Corp,0.08911255917740772,
398,ZS348387     Corp,0.08874869225936112,
399,BG342732     Corp,0.08875070542546631,
400,AL016485     Corp,0.08832184705209976,
401,ZQ473326     Corp,0.08835568264078983,
402,BK860051     Corp,0.08810787166339552,
403,JK601992     Corp,0.08835625816397039,
404,BK699687     Corp,0.08811843242939432,
405,ZR551828     Corp,0.08759279697689676,
406,ZO393316     Corp,0.08776699980094334,
407,ZS276895     Corp,0.08792434083227221,
408,BK523437     Corp,0.0875640948974976,
409,BK507712     Corp,0.0877294437598067,
410,ZO104102     Corp,0.08728273420485679,
411,ZQ131753     Corp,0.0872232861875262,
412,BJ481417     Corp,0.08717005957336682,
413,JV891745     Corp,0.0871100039745353,
414,ZP852517     Corp,0.0866482812429975,
415,ZR530868     Corp,0.08693084809981344,
416,AP788518     Corp,0.08552674396325645,
417,BJ930864     Corp,0.08658110596525025,
418,BK671336     Corp,0.08651368804056662,
419,ZS915501     Corp,0.08621488055112081,
420,ZS525237     Corp,0.0861688145926777,
421,ZO860846     Corp,0.08624548989971717,
422,AX667940     Corp,0.08594662560517731,
423,ZQ644315     Corp,0.08433454677079116,
424,BK549178     Corp,0.08576627441308049,
425,ZP303438     Corp,0.08553633221318975,
426,BI026635     Corp,0.08565043830091097,
427,BJ631105     Corp,0.08555723391670465,
428,ZO086468     Corp,0.08539601848871395,
429,AZ988251     Corp,0.0856812641837767,
430,ZQ911288     Corp,0.08521739756210543,
431,ZR642479     Corp,0.08539198074727672,
432,AZ775031     Corp,0.0848360859362672,
433,BJ090200     Corp,0.08491586278537215,
434,ZS463445     Corp,0.08508956127338574,
435,BJ575839     Corp,0.0848384758478971,
436,AZ909225     Corp,0.08477558971631016,
437,AT541290     Corp,0.08464025057541659,
438,BK766848     Corp,0.08454739971654804,
439,ZO861053     Corp,0.08441856479909585,
440,BK562978     Corp,0.08449487171666406,
441,BJ816409     Corp,0.08422139937950861,
442,ZS414351     Corp,0.08406697774434957,
443,AM359285     Corp,0.0838771352807473,
444,ZO515278     Corp,0.0839018107868961,
445,BJ820080     Corp,0.08363613577245156,
446,AM231484     Corp,0.08353640868507027,
447,BJ304053     Corp,0.08363811631780968,
448,JK829739     Corp,0.08343865089451366,
449,AL531018     Corp,0.08310291639799243,
450,AX548358     Corp,0.08330973788010049,
451,BK152671     Corp,0.08329619223539766,
452,BK766850     Corp,0.08333905236180066,
453,ZS095030     Corp,0.08320171001778869,
454,AZ625882     Corp,0.08313683426167019,
455,BK821540     Corp,0.08299824911540266,
456,ZR578928     Corp,0.0830182698980532,
457,ZO823829     Corp,0.08294118225191523,
458,AW489744     Corp,0.08259172068791555,
459,ZQ770285     Corp,0.08251465248567115,
460,AN062978     Corp,0.08259483878139458,
461,ZO479921     Corp,0.08221334573278075,
462,ZS279670     Corp,0.08218941319226793,
463,AN258612     Corp,0.08233051005571354,
464,AP135793     Corp,0.08172981386246338,
465,ZS525266     Corp,0.08220176617103585,
466,BK804380     Corp,0.08189954659965401,
467,AX734897     Corp,0.08192673526922087,
468,BH630788     Corp,0.0817871859629413,
469,ZR462627     Corp,0.08130748646797856,
470,ZP077037     Corp,0.081558476200586,
471,AP362087     Corp,0.08127463641151415,
472,ZQ681278     Corp,0.08142427131359994,
473,AO181455     Corp,0.0815309020277076,
474,AX544262     Corp,0.08094917841448153,
475,ZQ359791     Corp,0.08110465347480039,
476,AO428262     Corp,0.08130033055271567,
477,AZ016832     Corp,0.08115646646968876,
478,AM675045     Corp,0.0811155865672572,
479,AV438089     Corp,0.08115367787789386,
480,ZS422615     Corp,0.08110969482646348,
481,AR635813     Corp,0.08051275475958031,
482,AN258530     Corp,0.08070983460996647,
483,AN446267     Corp,0.08049512557583971,
484,AT286413     Corp,0.08053303658855411,
485,AV029124     Corp,0.08046112383024089,
486,BJ424433     Corp,0.08048898050200283,
487,BM585212     Corp,0.08024673409377145,
488,ZO479576     Corp,0.0803409588806572,
489,BK766698     Corp,0.0800644873630909,
490,AZ302464     Corp,0.08016412004313765,
491,ZS525417     Corp,0.07977667643996936,
492,BK622401     Corp,0.07984876837135148,
493,BM121846     Corp,0.07979051502862253,
494,AS462168     Corp,0.08004048773311058,
495,AR897959     Corp,0.07984641549953538,
496,BK417152     Corp,0.079557285444824,
497,BJ878470     Corp,0.0795598383798426,
498,AN528234     Corp,0.07971050011234125,
499,BJ765511     Corp,0.07900329910821165,
500,JK774647     Corp,0.0789777787568523,
501,AL016442     Corp,0.07903608761912863,
502,ZQ620012     Corp,0.07901972863585724,
503,AQ748584     Corp,0.07918377242724335,
504,ZQ947013     Corp,0.07883059129461048,
505,BJ575817     Corp,0.078889635810976,
506,BK188051     Corp,0.07887502364460648,
507,ZO037686     Corp,0.07870004306481686,
508,ZR583200     Corp,0.0787377899292892,
509,BK767597     Corp,0.0785212955118601,
510,BK055037     Corp,0.078329736923783,
511,AW659861     Corp,0.07857090781152093,
512,ZO531771     Corp,0.07832463531211918,
513,ZQ213944     Corp,0.07755575249260438,
514,ZS368164     Corp,0.07812487340961945,
515,ZO755206     Corp,0.07799281763530029,
516,BK893555     Corp,0.07795901346215728,
517,BJ095911     Corp,0.0778415493658074,
518,LW519626     Corp,0.07746520573512466,
519,ZO418907     Corp,0.07782479226479769,
520,ZP609625     Corp,0.07765554273246644,
521,BH841631     Corp,0.07762493699947012,
522,AQ218360     Corp,0.0774403082311331,
523,ZQ630168     Corp,0.07725795150586451,
524,AN947452     Corp,0.07758622886746575,
525,ZQ225609     Corp,0.0769653996472703,
526,BM042107     Corp,0.07704845705081631,
527,QZ634066     Corp,0.07694930926290898,
528,BM020293     Corp,0.07707772428867589,
529,BK437758     Corp,0.07660086231662866,
530,AL955914     Corp,0.0766899372035033,
531,AL730261     Corp,0.07613501828311929,
532,QZ258108     Corp,0.07628208024386622,
533,BH533496     Corp,0.07618239823096552,
534,BM662133     Corp,0.07609352517492006,
535,AQ689987     Corp,0.07550058532758028,
536,ZR560157     Corp,0.07609592175532337,
537,ZP995826     Corp,0.07602136294020373,
538,ZP566477     Corp,0.07576921814390182,
539,AW102287     Corp,0.07602566654876425,
540,BK589651     Corp,0.07571220334505505,
541,ZO419252     Corp,0.07564389686657362,
542,ZR958107     Corp,0.07573684205243003,
543,AZ856464     Corp,0.07535409125708045,
544,ZS915465     Corp,0.07552010257766452,
545,AW649572     Corp,0.07573016588711981,
546,BH962217     Corp,0.07539790927645544,
547,BK673417     Corp,0.07515574650910513,
548,BJ667062     Corp,0.07512611489910766,
549,AT108482     Corp,0.07533711199753465,
550,BK913499     Corp,0.07519218790092114,
551,AP122112     Corp,0.0756592872707662,
552,ZR534600     Corp,0.07504943195913476,
553,AN710240     Corp,0.0751889483232806,
554,AM730933     Corp,0.07499944500296257,
555,ZP614158     Corp,0.07507265134262531,
556,ZQ582720     Corp,0.07491740350268261,
557,AZ678374     Corp,0.07506361427083222,
558,BJ333869     Corp,0.07471241304078413,
559,AU567738     Corp,0.07489999679886478,
560,AO701614     Corp,0.07497945563585909,
561,JK687987     Corp,0.07477641703555837,
562,AP043346     Corp,0.07468783001364981,
563,AP516256     Corp,0.0746235378957253,
564,BH560910     Corp,0.07446779359372306,
565,AZ855586     Corp,0.07434056223506427,
566,ZP609621     Corp,0.07456358795276177,
567,BJ196117     Corp,0.07432555556655647,
568,BK508612     Corp,0.0740048434864899,
569,AS018546     Corp,0.07394144000270984,
570,AZ016899     Corp,0.07399840530800934,
571,AP093654     Corp,0.0740429406624333,
572,ZR507608     Corp,0.07355874119165426,
573,ZS422676     Corp,0.07350087833373017,
574,AZ304629     Corp,0.07352547084177125,
575,AT308183     Corp,0.07358784010324505,
576,BJ225757     Corp,0.07318519362500651,
577,ZQ224872     Corp,0.0737087910039319,
578,AR072403     Corp,0.07331917402340307,
579,AN528193     Corp,0.07338490731950564,
580,AZ647193     Corp,0.07313769677275883,
581,AZ628262     Corp,0.0728356570975659,
582,AX464235     Corp,0.07293930799480962,
583,BM043179     Corp,0.07286355667444837,
584,AO582959     Corp,0.07257972692870998,
585,LW519612     Corp,0.07267376916796678,
586,ZQ184554     Corp,0.07247284810409255,
587,BM608321     Corp,0.07266353573429206,
588,AT061477     Corp,0.07269213802312996,
589,ZO480425     Corp,0.07272534594365218,
590,BK766854     Corp,0.07246333682626685,
591,ZO500932     Corp,0.07224875859651506,
592,AT281181     Corp,0.07219298161843041,
593,LW375188     Corp,0.07188374898816081,
594,AS756152     Corp,0.07172747568369861,
595,BK821373     Corp,0.07176064648406039,
596,BK913530     Corp,0.07169364218402191,
597,ZO392834     Corp,0.07169217778565692,
598,AQ657762     Corp,0.07124388074124714,
599,ZQ066551     Corp,0.07135695702572878,
600,ZQ875570     Corp,0.07112569890811493,
601,ZQ262991     Corp,0.07124791792025766,
602,LW485173     Corp,0.07121727113011414,
603,AP521302     Corp,0.071191580283126,
604,BK671332     Corp,0.07106904968660605,
605,AP447434     Corp,0.07125777227835431,
606,BJ849705     Corp,0.07077053634631057,
607,ZR530869     Corp,0.07110170883938806,
608,ZO040780     Corp,0.07073887059972768,
609,AM752386     Corp,0.07110483721724054,
610,ZO487048     Corp,0.07085219290570574,
611,AS008907     Corp,0.07073908327735698,
612,AQ197841     Corp,0.07072071667190047,
613,ZP667635     Corp,0.07074952408578097,
614,AP288382     Corp,0.07070437528454934,
615,ZP999819     Corp,0.07067191667704982,
616,ZP662666     Corp,0.07056404629420666,
617,AX754146     Corp,0.07063837579993679,
618,BM123056     Corp,0.07037396793278809,
619,ZP480045     Corp,0.07038637289585001,
620,ZP395331     Corp,0.07000831410485248,
621,BM350347     Corp,0.07007630224983658,
622,AX901360     Corp,0.07017349046286607,
623,BG167376     Corp,0.0700562360713188,
624,AP099607     Corp,0.07003158507090368,
625,AU775249     Corp,0.06999988975674705,
626,AT591037     Corp,0.06960923622385859,
627,ZO800490     Corp,0.06980238888982228,
628,AR713750     Corp,0.06985901424837088,
629,BJ450038     Corp,0.06948488738224921,
630,BJ192728     Corp,0.06973291762569962,
631,AR826949     Corp,0.06958909733160659,
632,AL595684     Corp,0.06949160372089326,
633,AM638571     Corp,0.06955594276127171,
634,BM235828     Corp,0.06903335582203897,
635,BI002130     Corp,0.06926897700474742,
636,ZR202234     Corp,0.06912916544694453,
637,ZO440528     Corp,0.06905990822634454,
638,ZS895402     Corp,0.06920454259287444,
639,ZR630910     Corp,0.06900974643582351,
640,BM349635     Corp,0.0691235141033805,
641,ZO480146     Corp,0.0688339784586907,
642,ZQ265533     Corp,0.0689851796387161,
643,BK877017     Corp,0.06894144011803544,
644,BK100085     Corp,0.06896389612783645,
645,QZ184834     Corp,0.06899412953437478,
646,AZ909661     Corp,0.0689867282403888,
647,ZP561880     Corp,0.06891248791945981,
648,ZQ332414     Corp,0.06858022295274199,
649,BM886301     Corp,0.06843613992504567,
650,BJ412364     Corp,0.06816770733261995,
651,ZO038281     Corp,0.06800693622170148,
652,ZO392926     Corp,0.06804885942561276,
653,ZP993478     Corp,0.0678057458357972,
654,ZO445641     Corp,0.06751797725536952,
655,ZP665364     Corp,0.0677100416257196,
656,AM725107     Corp,0.06777209440166942,
657,AP094485     Corp,0.06775147648258475,
658,AL094029     Corp,0.06791205668982085,
659,AW861673     Corp,0.06747523194435462,
660,JV523090     Corp,0.06723889752427725,
661,BK843182     Corp,0.06739926794636407,
662,BM615520     Corp,0.06691371849087477,
663,LW831961     Corp,0.06720548793361918,
664,BJ808813     Corp,0.06700981214125057,
665,AQ106580     Corp,0.06714273750755394,
666,AW744045     Corp,0.06691737072900047,
667,ZO599836     Corp,0.06692403010185714,
668,JK950073     Corp,0.06659357558660198,
669,AM225189     Corp,0.06665121757153662,
670,ZR551767     Corp,0.0663606692374475,
671,BH587963     Corp,0.06614214132620627,
672,BH636835     Corp,0.06605792395781908,
673,ZP518176     Corp,0.06589037705172247,
674,BG167377     Corp,0.06599599435331077,
675,AR015255     Corp,0.06583308626207222,
676,QZ574203     Corp,0.06591453400047809,
677,BK127384     Corp,0.0656556998620125,
678,ZQ671235     Corp,0.06565333429542289,
679,ZR681174     Corp,0.06569756497528302,
680,ZO065162     Corp,0.06541820941408064,
681,AM796595     Corp,0.06551080147633262,
682,ZR486816     Corp,0.06558182576119474,
683,ZQ584520     Corp,0.06545574721652371,
684,ZR978171     Corp,0.06541973648284642,
685,BK083643     Corp,0.06529760826243816,
686,BK912977     Corp,0.06509174210220871,
687,AU438336     Corp,0.06519287670251425,
688,AP082206     Corp,0.06512622142840016,
689,BJ818812     Corp,0.06513057750333467,
690,BJ815992     Corp,0.06496740491086614,
691,BH455872     Corp,0.06474893163535894,
692,ZO571489     Corp,0.064780849027705,
693,AZ131777     Corp,0.06497698946485275,
694,ZR596522     Corp,0.06479657560235512,
695,AT165334     Corp,0.06471579450025093,
696,BJ573394     Corp,0.06458864967495324,
697,AN101723     Corp,0.06425463893584024,
698,AZ583565     Corp,0.06410675864428307,
699,AZ206040     Corp,0.06415027247117425,
700,BK507674     Corp,0.06406101286731063,
701,AM752377     Corp,0.0641467200236098,
702,BJ197787     Corp,0.06399496927237752,
703,AS212957     Corp,0.06424839969570884,
704,QZ104290     Corp,0.06402751674329146,
705,BJ605733     Corp,0.0637323266215176,
706,AP411253     Corp,0.06361840340281201,
707,AN322534     Corp,0.06360876276685137,
708,ZP623565     Corp,0.06394520833138151,
709,ZO282391     Corp,0.06361973683610869,
710,BK136997     Corp,0.0633816164703023,
711,AW850065     Corp,0.06339950404892614,
712,BM608715     Corp,0.06328367846217009,
713,AX348440     Corp,0.06337191999340762,
714,ZS702278     Corp,0.06324777426817413,
715,AM069254     Corp,0.06307094467052136,
716,BK256706     Corp,0.06313989512754417,
717,BJ478000     Corp,0.06302353298574141,
718,QZ571464     Corp,0.06289540013747134,
719,AM377167     Corp,0.06286654708668363,
720,BJ477737     Corp,0.06287012653072843,
721,AT335221     Corp,0.048519380176829635,
722,AU667774     Corp,0.06227011689975349,
723,AS850828     Corp,0.06271627720488321,
724,AR947181     Corp,0.062676090613847,
725,ZS891212     Corp,0.06257033640153697,
726,AT087607     Corp,0.0622752735488847,
727,AZ909662     Corp,0.06243577429326647,
728,ZP739356     Corp,0.062431861571244175,
729,AO197231     Corp,0.06242046286984819,
730,ZO531855     Corp,0.062289555008370065,
731,BK767519     Corp,0.06208001813028136,
732,AP218222     Corp,0.06216216367949595,
733,BK589662     Corp,0.062337848256787724,
734,AM077034     Corp,0.062253279934156136,
735,ZR831272     Corp,0.062204645935520886,
736,AP890183     Corp,0.06250889498338147,
737,BH915130     Corp,0.06215426343270376,
738,ZR550156     Corp,0.06220490240208409,
739,AZ574780     Corp,0.06220091776979424,
740,ZS700432     Corp,0.06237795409942293,
741,AS244130     Corp,0.061809574541110475,
742,BJ882295     Corp,0.061937011667585175,
743,BJ508898     Corp,0.06152378120316086,
744,LW197076     Corp,0.0617672730650878,
745,ZO124553     Corp,0.06179611060896866,
746,AR743906     Corp,0.061644461817657675,
747,AQ035713     Corp,0.061740140638188286,
748,ZR601225     Corp,0.06152440164012862,
749,ZS542186     Corp,0.06165243678685079,
750,ZP744732     Corp,0.06149647739681919,
751,ZO936141     Corp,0.06136462851516929,
752,AO181459     Corp,0.06149969029936606,
753,ZR096692     Corp,0.061526067547936124,
754,ZQ584303     Corp,0.06146718525149264,
755,AX779300     Corp,0.06151449248560462,
756,AN634987     Corp,0.06120664808505907,
757,BH542094     Corp,0.06134189024752475,
758,ZO621436     Corp,0.061206639086232285,
759,AU659259     Corp,0.06123299247184205,
760,BK913520     Corp,0.061017021432606164,
761,BM020090     Corp,0.061026880772196215,
762,AZ603198     Corp,0.06098391539165856,
763,ZO392934     Corp,0.0604755340646569,
764,BK840732     Corp,0.060802843088219365,
765,ZO393335     Corp,0.06077645049343576,
766,AM841228     Corp,0.06080531157889026,
767,ZQ771531     Corp,0.06080992034409459,
768,AL706543     Corp,0.06091219072489435,
769,AT008539     Corp,0.060416823629735564,
770,QZ225596     Corp,0.06063500838035915,
771,BM452900     Corp,0.060752609869510775,
772,AP103155     Corp,0.06069834919373843,
773,BG190178     Corp,0.06056826319832394,
774,AZ995461     Corp,0.060696775845292074,
775,AN260464     Corp,0.06056994075639826,
776,AP583514     Corp,0.060363976974967586,
777,ZR995159     Corp,0.0603016139001872,
778,AQ882232     Corp,0.06013818636774215,
779,BM628512     Corp,0.0603577123452892,
780,ZS966422     Corp,0.06038295871451178,
781,BM304842     Corp,0.060087764816444525,
782,AZ627258     Corp,0.06023558460696095,
783,AX857256     Corp,0.06011609191794566,
784,ZP940254     Corp,0.060167015234182886,
785,AZ004584     Corp,0.06013898067489875,
786,ZO963759     Corp,0.0594698402086321,
787,BK637536     Corp,0.059637629842011736,
788,AV245254     Corp,0.05978263790089298,
789,ZO520197     Corp,0.05987187107070292,
790,BM019417     Corp,0.05986463649605241,
791,AP408078     Corp,0.059822012588852364,
792,BK296529     Corp,0.05983358893673055,
793,LW429345     Corp,0.05981898464433446,
794,QZ552080     Corp,0.059758740391527274,
795,AQ814311     Corp,0.05973237897125073,
796,AU767741     Corp,0.059694016972690674,
797,QZ203555     Corp,0.059556358544888076,
798,BG143726     Corp,0.0595527770921766,
799,AM194966     Corp,0.05965493635353498,
800,ZS392668     Corp,0.05954886501292765,
801,AZ166931     Corp,0.05978057218806713,
802,ZO823278     Corp,0.0595275081455404,
803,BK766510     Corp,0.059199899428907514,
804,ZP719467     Corp,0.059043210571480126,
805,JK140710     Corp,0.059219409849524986,
806,ZS158027     Corp,0.05943943823478499,
807,ZO800379     Corp,0.05915432760247059,
808,AM077099     Corp,0.059051988605616626,
809,ZQ464229     Corp,0.05901973391795968,
810,AN534125     Corp,0.05915985802429979,
811,AX875931     Corp,0.058843059148335514,
812,AZ574239     Corp,0.05891295994574355,
813,AT963800     Corp,0.058786227539891024,
814,AS247903     Corp,0.05874020400448843,
815,AZ324396     Corp,0.0588128010753702,
816,AU151748     Corp,0.05879063889333287,
817,AP203078     Corp,0.05910111255823135,
818,BM585206     Corp,0.058681555115114525,
819,AX858850     Corp,0.058731204775975814,
820,ZO424991     Corp,0.058685284807427865,
821,ZS787056     Corp,0.05878645154640048,
822,ZQ581857     Corp,0.05865692404067298,
823,AL017195     Corp,0.05842931060859805,
824,AW905078     Corp,0.05843632230159245,
825,BJ934661     Corp,0.05828685668993545,
826,BK913529     Corp,0.05840073162029375,
827,ZQ863015     Corp,0.05821720360130383,
828,AO810324     Corp,0.058344059339291265,
829,AZ168458     Corp,0.05820981909977142,
830,AX646608     Corp,0.0581381461762612,
831,ZO796052     Corp,0.0581074606590239,
832,AM800684     Corp,0.058186320832997386,
833,BK419217     Corp,0.058011222866726275,
834,AX079563     Corp,0.0574873038600902,
835,BJ261907     Corp,0.05775934088437435,
836,ZP993270     Corp,0.057687848017746374,
837,AS462190     Corp,0.05765487125458706,
838,AM628883     Corp,0.057734663048172215,
839,BK022646     Corp,0.05752307186648445,
840,BJ452425     Corp,0.05749025700186049,
841,ZQ601925     Corp,0.057746928449072366,
842,ZO520287     Corp,0.05724747669002244,
843,ZS445812     Corp,0.057562303537375376,
844,AO653714     Corp,0.05732647546199768,
845,ZQ224343     Corp,0.05677946265371259,
846,AM234692     Corp,0.0573120776605375,
847,AN860171     Corp,0.057114160838914185,
848,AP836679     Corp,0.05701698829348489,
849,AO662118     Corp,0.05701195087880851,
850,ZR489020     Corp,0.05702894990363457,
851,BK128007     Corp,0.05690911260776164,
852,BJ090235     Corp,0.056976576490739186,
853,AN960853     Corp,0.056721105181702335,
854,BM911912     Corp,0.0566104913618915,
855,AP076075     Corp,0.056630096109496826,
856,AN297627     Corp,0.05652394530603516,
857,ZO620951     Corp,0.05626909821025946,
858,AN111023     Corp,0.0564321514879265,
859,AH023913     Corp,0.05643963578002015,
860,AQ218282     Corp,0.056312151007971524,
861,BH448028     Corp,0.05590622413598528,
862,ZQ710196     Corp,0.05635018695975416,
863,AO378411     Corp,0.05622369141587792,
864,BM064361     Corp,0.05618284654459348,
865,AQ222900     Corp,0.05631306880795635,
866,AN732044     Corp,0.05590300440397166,
867,AP707174     Corp,0.05608964424940052,
868,QZ546708     Corp,0.05604970327812737,
869,AZ096010     Corp,0.05584687309708258,
870,BJ373124     Corp,0.05590630126878626,
871,QJ846390     Corp,0.05597798487840327,
872,AZ202088     Corp,0.0559090278329537,
873,BJ228271     Corp,0.05591693571267932,
874,AZ995464     Corp,0.05588699227726462,
875,BK256705     Corp,0.05567095053296118,
876,BK876850     Corp,0.05583836534913612,
877,AZ027222     Corp,0.055731521636012464,
878,ZO711413     Corp,0.05558102461418254,
879,AN210718     Corp,0.055514719490846166,
880,ZR533875     Corp,0.05541979930355171,
881,ZS486085     Corp,0.0555060671188979,
882,AP654325     Corp,0.05514356271964169,
883,BJ639588     Corp,0.05529828171781776,
884,ZQ710350     Corp,0.0554949085736916,
885,ZO479911     Corp,0.05517556335113545,
886,ZP450452     Corp,0.05517942818654382,
887,JK968747     Corp,0.05501638037245018,
888,AQ927762     Corp,0.05506519563316769,
889,JV775311     Corp,0.055062932187192715,
890,ZP609726     Corp,0.054859618399555186,
891,BM349760     Corp,0.05521448657116919,
892,AZ209312     Corp,0.05492194138134841,
893,BM041993     Corp,0.05504702475219364,
894,BK802366     Corp,0.0547845456871491,
895,AL036527     Corp,0.05492028977524775,
896,AR716981     Corp,0.054960305790308486,
897,BJ055170     Corp,0.054802788237350714,
898,BG020877     Corp,0.054829790100915266,
899,AX379344     Corp,0.05474917065630643,
900,AX580717     Corp,0.054680271781844265,
901,QZ219430     Corp,0.05451474479097293,
902,AS138631     Corp,0.054829806491635484,
903,BM832627     Corp,0.05472872725018395,
904,ZS717601     Corp,0.05431129417296038,
905,BJ333573     Corp,0.05420977495315667,
906,AN993603     Corp,0.05428962130212918,
907,ZO957327     Corp,0.054220381918489415,
908,LW381888     Corp,0.05396854396611135,
909,ZQ582729     Corp,0.05379299662092797,
910,AZ027206     Corp,0.054154398663903716,
911,AQ669384     Corp,0.05417555362011512,
912,BK709763     Corp,0.05398395019859747,
913,ZR728714     Corp,0.05377424451215999,
914,AN038329     Corp,0.053712991265900165,
915,AO025621     Corp,0.053884212666149414,
916,ZS048639     Corp,0.053658216371454716,
917,AR859051     Corp,0.05376370471664143,
918,ZP303447     Corp,0.05339349483091545,
919,BK108422     Corp,0.05361048321965742,
920,BJ335672     Corp,0.053710657837977634,
921,AS644384     Corp,0.053380248557896366,
922,AW882434     Corp,0.052812120404307064,
923,AN861541     Corp,0.05348023821818758,
924,AM159379     Corp,0.053384855314434015,
925,AR637933     Corp,0.05317144259344345,
926,BK913693     Corp,0.053197619055691016,
927,ZR835048     Corp,0.05268519910343883,
928,BH940919     Corp,0.05294114968034835,
929,AZ302637     Corp,0.052913253156639264,
930,BM349873     Corp,0.05272349361079803,
931,AR922088     Corp,0.05290705425053502,
932,BK128013     Corp,0.05298975845012995,
933,QZ659186     Corp,0.05275887836358747,
934,AW944800     Corp,0.05286342207300236,
935,JK522385     Corp,0.052783258033305885,
936,BM734573     Corp,0.05274371767051777,
937,AL669938     Corp,0.05283216585338457,
938,AM408987     Corp,0.05267054491576212,
939,ZQ670431     Corp,0.05258600873179761,
940,AR902445     Corp,0.0526116259008915,
941,AQ672398     Corp,0.05222627002553599,
942,BM585182     Corp,0.052329427915626864,
943,ZQ972300     Corp,0.0523143426680781,
944,ZS220113     Corp,0.05230076825926823,
945,QZ680109     Corp,0.052085614506335885,
946,BJ449330     Corp,0.052305680654529715,
947,BK418218     Corp,0.05234749948811968,
948,AP390715     Corp,0.0523644172824647,
949,AM293398     Corp,0.05223661666766547,
950,BH914636     Corp,0.0521691876551417,
951,BK438542     Corp,0.05195574777697747,
952,BK419793     Corp,0.05208335138174757,
953,BJ808911     Corp,0.05218461646504143,
954,ZQ220443     Corp,0.05213931259474118,
955,ZO039971     Corp,0.05198806802751524,
956,BK419789     Corp,0.052360478447775416,
957,BL347170 Corp,0.05226542697402599,
958,AS452855     Corp,0.0519754357637305,
959,AU058579     Corp,0.0521339543558208,
960,AS006239     Corp,0.05192219324093092,
961,BM608719     Corp,0.05191182128960112,
962,ZS756290     Corp,0.05180505358442508,
963,ZQ960662     Corp,0.05189668293290502,
964,AS937907     Corp,0.05186622809095059,
965,BJ844379     Corp,0.05188898636491539,
966,ZO755447     Corp,0.05187980989165388,
967,BJ982148     Corp,0.05156282027270055,
968,BK890771     Corp,0.05181795187602649,
969,ZQ691388     Corp,0.05201765906244553,
970,ZP940552     Corp,0.05152018937534043,
971,ZO719212     Corp,0.05163938502272532,
972,BK311671     Corp,0.05159744928473388,
973,BK128988     Corp,0.05132773572538548,
974,BM123170     Corp,0.05133182922741003,
975,AP070175     Corp,0.05132728449849983,
976,BJ064422     Corp,0.05124138049286486,
977,BJ090198     Corp,0.051088240387055214,
978,AM766235     Corp,0.051163224718126864,
979,ZP903323     Corp,0.05102480564842141,
980,BJ672415     Corp,0.05112580398077859,
981,ZR463516     Corp,0.05112574163176448,
982,AO548976     Corp,0.05112002279699958,
983,AR722481     Corp,0.05091343488265443,
984,AS583549     Corp,0.05114182639185909,
985,AQ107007     Corp,0.050174279124978315,
986,ZP773532     Corp,0.05084961504244249,
987,AN231762     Corp,0.05092026965228663,
988,ZO420004     Corp,0.05085933457883078,
989,BK891146     Corp,0.05078853823746487,
990,ZQ584324     Corp,0.05071773659321889,
991,BM174082     Corp,0.050710846866466014,
992,QZ051896     Corp,0.050785385434225415,
993,ZQ448503     Corp,0.0503838172886137,
994,BK104272     Corp,0.0506285467302628,
995,AO673181     Corp,0.050563854244893285,
996,AP418960     Corp,0.0504000199172698,
997,ZP300076     Corp,0.05086114527133345,
998,AQ871207     Corp,0.05055386217260823,
999,ZQ933467     Corp,0.05060724361479622,
1000,AN861528     Corp,0.05064700774305382,
1001,QZ004359     Corp,0.050470217434921534,
1002,AP890997     Corp,0.049885022363572014,
1003,ZP465545     Corp,0.050336986911974364,
1004,ZQ669510     Corp,0.0503617241243639,
1005,LW669772     Corp,0.05027845709636194,
1006,AM841210     Corp,0.050382887677668735,
1007,ZO599834     Corp,0.05014613191966609,
1008,BJ668547     Corp,0.049958623526759685,
1009,AP804877     Corp,0.050009392818435,
1010,AT846310     Corp,0.04989684135838657,
1011,AR563422     Corp,0.049759264643145014,
1012,LW102663     Corp,0.04980168736228919,
1013,BK766692     Corp,0.04956252104356304,
1014,AU482874     Corp,0.04951101706195854,
1015,BM976828     Corp,0.049560339872575736,
1016,ZP082194     Corp,0.04941865623741611,
1017,AQ892813     Corp,0.04929602078849483,
1018,BK877408     Corp,0.04930619789915553,
1019,ZP315366     Corp,0.04913127251752659,
1020,ZP773535     Corp,0.04909245543544085,
1021,AR211474     Corp,0.048694685919583335,
1022,ZR707862     Corp,0.048845935146916014,
1023,AR910901     Corp,0.04855023080646903,
1024,ZQ584502     Corp,0.04820367481901239,
1025,AN044679     Corp,0.04808200738674322,
1026,AS806300     Corp,0.04817451998614089,
1027,AS645412     Corp,0.04785466632987172,
1028,AL073237     Corp,0.0477665892682629,
1029,AQ391070     Corp,0.04780940335602532,
1030,BG019634     Corp,0.047827008917845616,
1031,ZQ709721     Corp,0.047810026042699766,
1032,AO578590     Corp,0.047580332114012164,
1033,AO602067     Corp,0.04745269146942824,
1034,AU047383     Corp,0.047332524270137864,
1035,AU814686     Corp,0.04767562277979125,
1036,ZO161875     Corp,0.04740149810804098,
1037,AS367429     Corp,0.04600490461728463,
1038,QZ483641     Corp,0.04740820601028491,
1039,AX899656     Corp,0.04701450549071833,
1040,AN086589     Corp,0.046878150687598714,
1041,BK013817     Corp,0.046745733031888365,
1042,AZ335712     Corp,0.046668718822604635,
1043,LW348057     Corp,0.04660179036982046,
1044,AQ312998     Corp,0.0462100313471315,
1045,BM587837     Corp,0.04629709973667437,
1046,AQ080510     Corp,0.046266264613941836,
1047,LW881564     Corp,0.046222307594831785,
1048,AT262623     Corp,0.04591225382161858,
1049,AQ117540     Corp,0.04530908536140413,
1050,AM840860     Corp,0.045820651710658966,
1051,AO040513     Corp,0.0455861020311106,
1052,AZ628263     Corp,0.04565213461855023,
1053,ZR048864     Corp,0.044882908718764485,
1054,AU740324     Corp,0.044631526171298785,
1055,AL501984     Corp,0.04442528784530469,
1056,BJ985425     Corp,0.04424655636168146,
1057,AP525995     Corp,0.044203065353243885,
1058,AZ942056     Corp,0.04393257315433908,
1059,AU657562     Corp,0.04348348284727937,
1060,AO130366     Corp,0.04332189678011068,
1061,AW958250     Corp,0.043501140795126986,
1062,AM027683     Corp,0.04341063734450114,
1063,AX458880     Corp,0.04341464857153799,
1064,AZ302570     Corp,0.043081973194041716,
1065,ZP691171     Corp,0.0430967634086268,
1066,AQ232349     Corp,0.0427542333516472,
1067,AZ856468     Corp,0.04260524805236953,
1068,QZ095301     Corp,0.04262766549577005,
1069,AM376551     Corp,0.04211481641196582,
1070,AS247904     Corp,0.041790181968276816,
1071,AN732817     Corp,0.04177647273775861,
1072,AP524368     Corp,0.04189139546901003,
1073,AZ107026     Corp,0.04131009857693595,
1074,ZP993272     Corp,0.04082753809783074,
1075,AN210752     Corp,0.040570130675142986,
1076,AO337996     Corp,0.03995749054801002,
1077,AP790818     Corp,0.040001552660561386,
1078,BG188483     Corp,0.03973107235296339,
1079,BM857752     Corp,0.03863941439199621,
1080,ZQ213946     Corp,0.038334943265946185,
1081,AT941606     Corp,0.03777050149781636,
1082,ZS276687     Corp,0.03637673645080208,
1083,BM830989     Corp,0.03563371232246421,
1084,AU307195     Corp,0.03426477552061395,
1085,BM966162     Corp,0.0354428064707153,
1086,BH961214     Corp,0.03527219835658039,
1087,BM980480     Corp,0.034294343255010615,
1088,BM952411     Corp,0.03401257199089799,
1089,BM886279     Corp,0.03270707667680161,
1090,BM886281     Corp,0.032690824795638236,
1091,ZR763305     Corp,0.03195858069935527,
1092,BM949150     Corp,0.0317106306418792,
1093,ZP614878     Corp,0.032187068142481116,
1094,BM966163     Corp,0.02118804377260429,
1095,AO654249     Corp,0.02061846062121012,
1096,AL567174     Corp,0.02025230229654818,
1097,AO165235     Corp,0.01906998653900654,
1098,QJ716158     Corp,0.01684574266733336,
1099,AN418126     Corp,0.016774670094123992,
1100,AT706732     Corp,0.01666561853491937,
1101,BL348538 Corp,0.01610950686825377,
1102,BJ844837     Corp,0.01573903641828454,
1103,BM933315     Corp,0.01575971765054333,
1104,BM979879     Corp,0.015326244164585709,
1105,AP338414     Corp,0.01495793986077691,
1106,AM449589     Corp,0.01407003711203943,
1107,QZ888409     Corp,0.01226757580409758,
1108,BM909888     Corp,0.01085950414909094,
1109,AS238179     Corp,0.01103174386300627,
1110,LW849750     Corp,0.01028608645298212,
1111,LW841437     Corp,0.009843158735332851,
1112,UV840162     Corp,0.007937714371648976,
1113,AP421623     Corp,0.005980115700432471,
1114,ZP379649     Corp,0.006549393373796156,
1115,BK750817     Corp,0.0055704791424531315,
1116,WFTLF US Equity,0.0033586481881619423,
1117,AM417883     Corp,0.00247008555224287,
1118,AX973399     Corp,0.0025228124101293373,
1119,AW850057     Corp,0.002327048075732964,
1120,AQ107009     Corp,0.002195794161157178,
1121,CVEI US Equity,0.001618031638647318,
1122,AMPY US Equity,0.0016392528005128699,
1123,EK860033     Corp,0.001451185194799477,
1124,CXRXF US Equity,0.001432548945926272,
1125,EK990999     Corp,0.0010175073872659619,
1126,AR883948     Corp,0.0008691661468763532,
1127,AR716928     Corp,0.0005013101774731697,
1128,EK411008     Corp,0.0003872755179395246,
1129,AP414964     Corp,0.0002887217329462669,
1130,AQ004389     Corp,0.0002601634740822351,
1131,AP292449     Corp,6.643062483128289e-05,
1132,AM138344     Corp,7.676561669394362e-06,
1133,AQ256828     Corp,7.3521218253344715e-06,
1134,LW431769     Corp,6.517480641556813e-06,
1135,QZ579909     Corp,1.643250047229557e-06,
1136,AS585580     Corp,0.0,
1137,GENESYS/GREENEDEN LUX/US COMPANY GUAR 144A 11/24 10,0.0,
1138,WMG ACQUISITION CORP SR SECURED 144A 02/31 3,0.0,
1139,FORD MOTOR CREDIT CO LLC SR UNSECURED 10/21 3.813,0.0,
1140,CVR ENERGY INC COMPANY GUAR 144A 02/25 5.25,0.05848063236396026,
1141,CVR PARTNERS/CVR NITROGE SECURED 144A 06/23 9.25,0.06297825972752155,
1142,METROPOLITAN LIGHT CO COMPANY GUAR 144A 11/22 5.5,0.0,
1143,EPEGQ US Equity,0.0008644436911372585,
1144,ZS578178     Corp,0.054563501880703066,
1145,AVN LN Equity,0.0,
1146,MPT OPER PARTNERSP/FINL COMPANY GUAR 03/24 6.375,0.0,
1147,AL631467     Corp,0.05300671432879546,
1148,AHLD US Equity,0.003801803447574054,
1149,BM027157     Corp,0.0,
